,Accession,MM mean abundances (Scaled),MM mean abundances (Scaled-Normalized),MM + Nitrogen mean abundances (Scaled),MM + Nitrogen mean abundances (Scaled-Normalized),MM mean abundances (Raw),MM mean abundances (Raw-Normalized),MM + Nitrogen mean abundances (Raw),MM + Nitrogen mean abundances (Raw-Normalized),Unnamed: 0,start_pos,end_pos,Propability for correct peptide identification,Peptide sequences,max_abundance
2,AO090003001591,230.0666666666667,0.0585371485493485,69.16666666666666,0.0585371485493485,10477634165.722994,1.0,4066685834.79297,1.0,954,0,22,0.9998656,MMVAWWSLFLYGLQVAAPALAA,10477634165.722994
0,AO090003000935,5.7,0.0592846083355953,64.83333333333333,0.0592846083355953,106626244.26879883,0.010224128409742865,1494872390.6549466,0.4179234540632222,807,0,29,0.99983376,MEAFNLHNFLSSLYILLPFVILANPVHAA,1494872390.6549466
17,AO090103000076,0.6999999999999998,0.43003548338470887,472.8999999999999,0.43003548338470887,1496426.605468753,0.00014380823699042516,1202414801.2812493,0.339312307761118,3060,0,20,0.99983495,MLRVSAIFMACLLLATAAPT,1202414801.2812493
4,AO090026000003,0.8333333333333334,0.41438259178881104,470.1000000000001,0.41438259178881104,1498718.0069986985,0.000144149245615704,1061096209.6380234,0.27691850531898193,1203,0,26,0.8485742,MAVRIARFLGLSTVAYLALANGIDAR,1061096209.6380234
3,AO090010000746,105.63333333333333,0.22829465729222578,264.40000000000003,0.22829465729222578,271903161.9645183,0.025871884599284134,863450301.8190104,0.21833079689173415,3033,0,26,0.9997469,MVSFSSCLRALALGSSVLAVQPVLRQ,863450301.8190104
20,AO090701001051,28.76666666666667,0.12554991034378335,140.03333333333333,0.12554991034378335,120938302.34741223,0.011471973163783308,721231165.5520836,0.1973610102878831,483,0,27,0.99980956,MVSFKYLGATAAYILVLASQITTALPV,721231165.5520836
14,AO090011000119,38.6,0.12543913853285674,140.76666666666665,0.12543913853285674,97994704.60611977,0.009293356477397395,434626476.7747397,0.11936204799807597,2652,0,24,0.9998157,MRFSAIFTLGLAGTALATPLVERA,434626476.7747397
91,AO090701000295,25.099999999999998,0.05776768918262121,64.26666666666667,0.05776768918262121,82563553.3896486,0.007849692023551064,259351714.777995,0.07133803988828308,2013,0,19,0.9997902,MHLPTLVTLACMAVSASAF,259351714.777995
29,AO090012000708,10.5,0.10720614967048064,117.46666666666665,0.10720614967048064,15649009.788085967,0.0014929277885373444,209315211.84375,0.060199539462601516,1494,0,19,0.99986094,MKISAAISTALLAVSAAAF,209315211.84375
10,AO090102000092,19.566666666666666,0.1270193027550166,142.5666666666667,0.1270193027550166,21779157.0872396,0.0020451883932418704,189885554.80729166,0.05118075098805407,1599,0,25,0.9998096,MKLYLLFFFFLTLHALPGLPRSTAD,189885554.80729166
30,AO090005000409,80.0,0.09895632403682275,121.06666666666666,0.09895632403682275,61981829.87972003,0.005919410309668068,124413629.98567724,0.029343217567402383,105,0,20,0.99974537,MKFNAVALTLATAGSLVAGQ,124413629.98567724
28,AO090023000905,94.09999999999998,0.031470816748523846,37.53333333333333,0.031470816748523846,190629201.02473998,0.018059131689139914,97255104.42252599,0.023556323203788043,1182,0,19,0.9998393,MFIKYALPALAAAQAVFAA,190629201.02473998
11,AO090038000279,50.96666666666667,0.019899895561047015,25.933333333333334,0.019899895561047015,137280920.73535156,0.012766273481619137,91723351.56510411,0.019406615710240355,2454,0,20,0.999803,MRTAGLLSLLLAAIPAVTAE,137280920.73535156
76,AO090005000897,26.73333333333333,0.10351598957415054,117.26666666666665,0.10351598957415054,16619848.833984368,0.001585158350419099,88957779.46875,0.024188577383026905,174,0,23,0.9997689,MKFSMVPSLLLPLLAAAAPAAPE,88957779.46875
32,AO090010000644,1.0999999999999999,0.41631045592603666,477.6666666666667,0.41631045592603666,156113.7063802087,1.4786918091597387e-05,87286783.00520833,0.022374753913985235,3000,0,27,0.9997949,MKLIQLSSVLHFTALSSALTLPLNRRS,87286783.00520833
19,AO090003000354,8.533333333333333,0.2612393778826545,291.06666666666666,0.2612393778826545,1837025.1614583333,0.00017833145267915815,77713125.86783858,0.02194520916507017,714,0,16,0.99979156,MRSLLWASLLSGVLAG,77713125.86783858
5,AO090005001090,79.66666666666667,0.02002913804103385,23.400000000000002,0.02002913804103385,206882006.49218735,0.019564895185279863,75870984.38541667,0.019066282526305076,222,0,20,0.9998109,MYFNYAAATLAALLPLCSAQ,206882006.49218735
1,AO090023000944,250.4333333333333,0.0442703120042493,53.73333333333333,0.0442703120042493,263288709.497396,0.025062136005463337,73279696.3489585,0.017628084517868015,1194,0,22,0.9998449,MMVAWWSLFLYGLQVAAPALAA,263288709.497396
8,AO090001000635,114.26666666666667,0.07857508756573957,92.56666666666666,0.07857508756573957,70179445.4733073,0.006681706810892897,72255487.88151047,0.01807612957201417,624,0,19,0.99984777,MKAAFALAGASLVGSVLAT,72255487.88151047
23,AO090701000644,15.9,0.25149658124148144,322.06666666666666,0.25149658124148144,2646924.9446614604,0.00025021810613230327,71076746.76041667,0.01586101460598424,2136,0,29,0.9998097,MRFLSGFVSVLSSVALLGYAYPTAIDVRD,71076746.76041667
25,AO090020000710,0.2333333333333333,0.4633545083096142,498.56666666666666,0.4633545083096142,29655.773111979168,2.3904374479136563e-06,66252881.848958336,0.019336331707981606,2355,0,23,0.9998343,MKVAIFSTLLPLVLALPAPQTQS,66252881.848958336
77,AO090009000553,167.1,0.07038614758472235,85.2,0.07038614758472235,94122549.75520833,0.008984741859417817,62263758.625,0.015091310881396614,450,0,24,0.99975234,MKFLAISSLVAAVSALPSVPAPKA,94122549.75520833
54,AO090003001484,62.93333333333334,0.11698700396518662,140.76666666666668,0.11698700396518662,21733085.8079427,0.00205267910017552,61531607.697916664,0.014869761984351373,915,0,24,0.99964887,MQFKNLALAASIVATAAAAPAADS,61531607.697916664
41,AO090701000246,71.63333333333334,0.16110727992253213,182.33333333333334,0.16110727992253213,17328709.147135433,0.0016667158960311246,55382404.6640625,0.014615961604403973,2001,0,19,0.9998345,MKVFAPLLSLSLATSVAGH,55382404.6640625
44,AO090005001509,34.233333333333334,0.16337144626210645,205.0,0.16337144626210645,6833402.663574219,0.0006506662378835352,55041168.63932294,0.012554486034950253,300,0,21,0.99981815,MQLKNSLFLLTALTAGSAVAR,55041168.63932294
33,AO090009000117,32.3,0.0224404257196163,26.866666666666664,0.0224404257196163,46483102.81852213,0.00441245252998009,49468239.01497397,0.012088330473678263,363,0,19,0.99984264,MQLTHLLAFALSLATSEAA,49468239.01497397
167,AO090011000343,22.333333333333332,0.2526330938685211,291.73333333333335,0.2526330938685211,2829220.1744791665,0.0002778242437999478,48230328.666666664,0.01248310837789332,2712,0,24,0.9998398,MKFFSSLALLVSAVAANPILRTRD,48230328.666666664
21,AO090005001044,53.43333333333334,0.0312233986280973,36.23333333333333,0.0312233986280973,50213548.856770836,0.004816514259343873,43172560.13151044,0.011103322325088781,216,0,24,0.99983907,MPSTPSLPSMGMLALGAMQLAAGA,50213548.856770836
7,AO090003000346,26.3,0.022760347191490327,27.166666666666668,0.022760347191490327,30553065.2089844,0.0029233129130738817,40743924.385742195,0.009996527793898933,711,0,20,0.99979055,MFLQSVLALSLALPSLSTAA,40743924.385742195
15,AO090009000144,28.766666666666666,0.014722827957642489,17.0,0.014722827957642489,50879294.12223307,0.00478899669413678,37002504.0094401,0.009525854376616927,375,0,35,0.99980867,MHFHKITLGATLAALLSLTTALPTTSYSFPLTTRD,50879294.12223307
9,AO090001000406,49.76666666666667,0.04265410377296105,50.5,0.04265410377296105,26293011.605143234,0.002468616594023624,33369675.890625,0.008210921025793405,597,0,21,0.99760497,MLSVATSIFGLLATVPLAAAG,33369675.890625
48,AO090026000662,27.5,0.10524979803543921,119.26666666666667,0.10524979803543921,6237406.9075521035,0.0005854212637346033,32489687.817708332,0.008470258826965974,1299,0,23,0.999624,MLGRSVSLATVLLTLSGSFANAH,32489687.817708332
50,AO090003001507,12.566666666666668,0.22533441718014294,256.06666666666666,0.22533441718014294,1275081.9990234377,0.00012219367739085095,31696635.989583332,0.008658882208172,927,0,31,0.99984837,MHLAIKSLFVSLLGASVLASPLPSNALVERN,31696635.989583332
64,AO090023000918,115.76666666666667,0.06866846935765135,86.39999999999999,0.06866846935765135,32020991.206705734,0.0030035242425460545,30615137.333333332,0.007015327963860698,1188,0,28,0.999686,MAPLAKTLALAGALFAALASAAPVQKRQ,32020991.206705734
26,AO090102000564,32.43333333333334,0.028055863981766682,34.0,0.028055863981766682,22050653.559407566,0.0020743557946714393,29587501.660807338,0.007036247451082886,1692,0,20,0.9997515,MAPKSLFYTLFSSLTVALAA,29587501.660807338
40,AO090001000733,2.1,0.31256135112031885,370.76666666666665,0.31256135112031885,133042.92513020834,1.208988162567369e-05,29307143.861979198,0.007410377148416761,639,0,21,0.9996576,MRTFAPWILSLLGASAVASAA,29307143.861979198
53,AO090103000216,9.799999999999999,0.36512061371862514,422.76666666666665,0.36512061371862514,523080.032063802,4.9237038885097876e-05,28913200.575520832,0.007050210769499345,3108,0,19,0.99979746,MLTVCILLQALLCKSVIAW,28913200.575520832
61,AO090038000258,17.433333333333334,0.1411962700673064,161.13333333333333,0.1411962700673064,2224461.2630208335,0.00021483573025458448,25575254.8046875,0.006963381899548845,2445,0,22,0.9998377,MLTKSLFAGAALGLSLSSAVAH,25575254.8046875
58,AO090026000516,43.13333333333333,0.20290958254219374,246.76666666666665,0.20290958254219374,3147042.35123698,0.0003011199495234316,23911142.424479168,0.005620782379888969,1287,0,22,0.9998403,MKFLSTAAALLVCLAPVSTTAR,23911142.424479168
88,AO090011000195,3.1666666666666665,0.08695869603703882,96.90000000000002,0.08695869603703882,581158.1419270834,5.5645188990554977e-05,21852804.984375,0.006328922661429928,2676,0,28,0.9998619,MHFHRLLVLAAGLLTTATSAPTELFKRD,21852804.984375
78,AO090011000808,55.199999999999996,0.25110072401644884,280.2333333333333,0.25110072401644884,3097661.1487630233,0.00029465407724519347,19413509.760416668,0.005202934676225104,2790,0,22,0.9998079,MLLTQSLFFAFACWQATPALAA,19413509.760416668
65,AO090701001162,11.5,0.29706770008497957,333.2,0.29706770008497957,518694.7633463543,4.837769139926524e-05,18621442.041666668,0.004874958497494628,1746,0,17,0.9998078,MRLLLPFIVLPLAALAT,18621442.041666668
43,AO090010000729,5.233333333333333,0.2727513431148429,322.26666666666665,0.2727513431148429,250466.76692708334,2.2673276150729238e-05,18561351.0078125,0.004646237892267534,3024,0,17,0.9998074,MRLFGITLVSAALAAAQ,18561351.0078125
34,AO090011000357,92.66666666666667,0.13456733467163268,168.03333333333333,0.13456733467163268,7955655.529947919,0.0007434431170610891,18341687.9609375,0.004251746744000767,2721,0,28,0.9998323,MVSKVFGRLLTTGLVLANSVSASTEAAH,18341687.9609375
81,AO090012000482,61.9,0.09281804989397778,112.39999999999999,0.09281804989397778,7800713.962076823,0.0007375736616042683,18235923.065104168,0.0043858916652504245,1458,0,20,0.9998456,MKLTIASSVLLGLIAAVEAA,18235923.065104168
13,AO090005000189,60.56666666666666,0.03067659712950119,35.23333333333333,0.03067659712950119,22705884.02050783,0.002157676645885657,16539438.561848966,0.004270400544185482,48,0,18,0.9997291,MKGLYLTAALFGASSTAS,22705884.02050783
92,AO090001000383,53.93333333333334,0.13146542445150206,151.03333333333333,0.13146542445150206,4756153.1238606805,0.00045126820226866737,16472627.436197931,0.004299110775163506,591,0,19,0.999791,MVALQALSLGLLASQALAF,16472627.436197931
16,AO090011000235,21.900000000000002,0.018511311613787378,21.333333333333332,0.018511311613787378,13864348.360677093,0.0012902735026603218,16421028.430338563,0.004204360277292048,2694,0,23,0.9998247,MFFSRGALSLAVLSLLSSSAAGE,16421028.430338563
73,AO090701000525,50.43333333333334,0.17011670284547128,208.73333333333335,0.17011670284547128,3198905.1770833363,0.00029676724533089847,16342699.9921875,0.003873556175068803,2106,0,47,0.9926331,MLVANRRPTKGHSTQNRHSLKHRPGATMYWAILHILAVALPTTAFAT,16342699.9921875
63,AO090206000073,6.533333333333334,0.3218257625682946,365.0,0.3218257625682946,243334.34521484366,2.2274260069825346e-05,16065337.833333334,0.004270031130196986,2811,0,19,0.99973965,MKIRAALALSATASGVLAA,16065337.833333334
