,Accession,MM mean abundances (Scaled),MM mean abundances (Scaled-Normalized),MM + Nitrogen mean abundances (Scaled),MM + Nitrogen mean abundances (Scaled-Normalized),MM mean abundances (Raw),MM mean abundances (Raw-Normalized),MM + Nitrogen mean abundances (Raw),MM + Nitrogen mean abundances (Raw-Normalized),Unnamed: 0,start_pos,end_pos,Propability for correct peptide identification,Peptide sequences,max_abundance
2,AO090003001591,230.0666666666667,0.0585371485493485,69.16666666666666,0.0585371485493485,10477634165.722994,1.0,4066685834.79297,1.0,954,0,22,0.9998656,MMVAWWSLFLYGLQVAAPALAA,10477634165.722994
3,AO090010000746,105.63333333333333,0.22829465729222578,264.40000000000003,0.22829465729222578,271903161.9645183,0.025871884599284134,863450301.8190104,0.21833079689173415,3033,0,26,0.9997469,MVSFSSCLRALALGSSVLAVQPVLRQ,863450301.8190104
1,AO090023000944,250.4333333333333,0.0442703120042493,53.73333333333333,0.0442703120042493,263288709.497396,0.025062136005463337,73279696.3489585,0.017628084517868015,1194,0,22,0.9998449,MMVAWWSLFLYGLQVAAPALAA,263288709.497396
5,AO090005001090,79.66666666666667,0.02002913804103385,23.400000000000002,0.02002913804103385,206882006.49218735,0.019564895185279863,75870984.38541667,0.019066282526305076,222,0,20,0.9998109,MYFNYAAATLAALLPLCSAQ,206882006.49218735
28,AO090023000905,94.09999999999998,0.031470816748523846,37.53333333333333,0.031470816748523846,190629201.02473998,0.018059131689139914,97255104.42252599,0.023556323203788043,1182,0,19,0.9998393,MFIKYALPALAAAQAVFAA,190629201.02473998
11,AO090038000279,50.96666666666667,0.019899895561047015,25.933333333333334,0.019899895561047015,137280920.73535156,0.012766273481619137,91723351.56510411,0.019406615710240355,2454,0,20,0.999803,MRTAGLLSLLLAAIPAVTAE,137280920.73535156
20,AO090701001051,28.76666666666667,0.12554991034378335,140.03333333333333,0.12554991034378335,120938302.34741223,0.011471973163783308,721231165.5520836,0.1973610102878831,483,0,27,0.99980956,MVSFKYLGATAAYILVLASQITTALPV,721231165.5520836
0,AO090003000935,5.7,0.0592846083355953,64.83333333333333,0.0592846083355953,106626244.26879883,0.010224128409742865,1494872390.6549466,0.4179234540632222,807,0,29,0.99983376,MEAFNLHNFLSSLYILLPFVILANPVHAA,1494872390.6549466
14,AO090011000119,38.6,0.12543913853285674,140.76666666666665,0.12543913853285674,97994704.60611977,0.009293356477397395,434626476.7747397,0.11936204799807597,2652,0,24,0.9998157,MRFSAIFTLGLAGTALATPLVERA,434626476.7747397
77,AO090009000553,167.1,0.07038614758472235,85.2,0.07038614758472235,94122549.75520833,0.008984741859417817,62263758.625,0.015091310881396614,450,0,24,0.99975234,MKFLAISSLVAAVSALPSVPAPKA,94122549.75520833
91,AO090701000295,25.099999999999998,0.05776768918262121,64.26666666666667,0.05776768918262121,82563553.3896486,0.007849692023551064,259351714.777995,0.07133803988828308,2013,0,19,0.9997902,MHLPTLVTLACMAVSASAF,259351714.777995
6,AO090003001036,9.700000000000001,0.00027995752577627604,0.43333333333333335,0.00027995752577627604,77500406.41292314,0.007511323571624416,4384879.594726563,0.0011352550164270058,828,0,21,0.9997657,MQSIKRTLLLLGAILPAVLGA,77500406.41292314
8,AO090001000635,114.26666666666667,0.07857508756573957,92.56666666666666,0.07857508756573957,70179445.4733073,0.006681706810892897,72255487.88151047,0.01807612957201417,624,0,19,0.99984777,MKAAFALAGASLVGSVLAT,72255487.88151047
30,AO090005000409,80.0,0.09895632403682275,121.06666666666666,0.09895632403682275,61981829.87972003,0.005919410309668068,124413629.98567724,0.029343217567402383,105,0,20,0.99974537,MKFNAVALTLATAGSLVAGQ,124413629.98567724
15,AO090009000144,28.766666666666666,0.014722827957642489,17.0,0.014722827957642489,50879294.12223307,0.00478899669413678,37002504.0094401,0.009525854376616927,375,0,35,0.99980867,MHFHKITLGATLAALLSLTTALPTTSYSFPLTTRD,50879294.12223307
21,AO090005001044,53.43333333333334,0.0312233986280973,36.23333333333333,0.0312233986280973,50213548.856770836,0.004816514259343873,43172560.13151044,0.011103322325088781,216,0,24,0.99983907,MPSTPSLPSMGMLALGAMQLAAGA,50213548.856770836
33,AO090009000117,32.3,0.0224404257196163,26.866666666666664,0.0224404257196163,46483102.81852213,0.00441245252998009,49468239.01497397,0.012088330473678263,363,0,19,0.99984264,MQLTHLLAFALSLATSEAA,49468239.01497397
31,AO090003000321,293.56666666666666,0.028798917881221794,32.86666666666667,0.028798917881221794,40900918.143229164,0.003937733310661027,5840854.075195316,0.0015083247026987136,699,0,27,0.99981433,MRNNLLFSLNAIAGAVAHPSFPIHKRQ,40900918.143229164
110,AO090102000440,243.76666666666665,0.002037579483041564,2.5,0.002037579483041564,36009439.35026043,0.0034674049110209383,494688.9915364583,0.00011921482907502329,1662,0,19,0.99983925,MRYQALSLALLGLGKSYAA,36009439.35026043
12,AO090166000084,51.26666666666667,0.0011754728300582046,1.5666666666666667,0.0011754728300582046,34344567.432291694,0.0032290662006168383,1330005.5439453132,0.0003264598113328089,1725,0,21,0.9998268,MRSSFLLAGVFGSLAAPALAI,34344567.432291694
27,AO090003000476,99.0,0.009652669554933244,11.733333333333334,0.009652669554933244,34183888.12369793,0.003257672474270246,5327740.200195313,0.0012479970359667864,729,0,22,0.9996612,MHFSSLSLPLTALSLVTPSLAY,34183888.12369793
64,AO090023000918,115.76666666666667,0.06866846935765135,86.39999999999999,0.06866846935765135,32020991.206705734,0.0030035242425460545,30615137.333333332,0.007015327963860698,1188,0,28,0.999686,MAPLAKTLALAGALFAALASAAPVQKRQ,32020991.206705734
7,AO090003000346,26.3,0.022760347191490327,27.166666666666668,0.022760347191490327,30553065.2089844,0.0029233129130738817,40743924.385742195,0.009996527793898933,711,0,20,0.99979055,MFLQSVLALSLALPSLSTAA,40743924.385742195
9,AO090001000406,49.76666666666667,0.04265410377296105,50.5,0.04265410377296105,26293011.605143234,0.002468616594023624,33369675.890625,0.008210921025793405,597,0,21,0.99760497,MLSVATSIFGLLATVPLAAAG,33369675.890625
13,AO090005000189,60.56666666666666,0.03067659712950119,35.23333333333333,0.03067659712950119,22705884.02050783,0.002157676645885657,16539438.561848966,0.004270400544185482,48,0,18,0.9997291,MKGLYLTAALFGASSTAS,22705884.02050783
26,AO090102000564,32.43333333333334,0.028055863981766682,34.0,0.028055863981766682,22050653.559407566,0.0020743557946714393,29587501.660807338,0.007036247451082886,1692,0,20,0.9997515,MAPKSLFYTLFSSLTVALAA,29587501.660807338
10,AO090102000092,19.566666666666666,0.1270193027550166,142.5666666666667,0.1270193027550166,21779157.0872396,0.0020451883932418704,189885554.80729166,0.05118075098805407,1599,0,25,0.9998096,MKLYLLFFFFLTLHALPGLPRSTAD,189885554.80729166
54,AO090003001484,62.93333333333334,0.11698700396518662,140.76666666666668,0.11698700396518662,21733085.8079427,0.00205267910017552,61531607.697916664,0.014869761984351373,915,0,24,0.99964887,MQFKNLALAASIVATAAAAPAADS,61531607.697916664
24,AO090005000064,60.833333333333336,0.007864221954416759,10.100000000000001,0.007864221954416759,19201527.4153646,0.0018081469513021502,4178321.4225260434,0.0009270674071148521,15,0,25,0.99979186,MFSTMTPSLSKLVALSLFLGTALGE,19201527.4153646
41,AO090701000246,71.63333333333334,0.16110727992253213,182.33333333333334,0.16110727992253213,17328709.147135433,0.0016667158960311246,55382404.6640625,0.014615961604403973,2001,0,19,0.9998345,MKVFAPLLSLSLATSVAGH,55382404.6640625
124,AO090011000565,89.19999999999999,0.04024979662674649,47.73333333333333,0.04024979662674649,16724892.222656267,0.0015817773099723955,11260981.733072916,0.00281381950433587,2760,0,27,0.99984133,MLFTTILASTLALSMGVSAAPRPAPPA,16724892.222656267
76,AO090005000897,26.73333333333333,0.10351598957415054,117.26666666666665,0.10351598957415054,16619848.833984368,0.001585158350419099,88957779.46875,0.024188577383026905,174,0,23,0.9997689,MKFSMVPSLLLPLLAAAAPAAPE,88957779.46875
29,AO090012000708,10.5,0.10720614967048064,117.46666666666665,0.10720614967048064,15649009.788085967,0.0014929277885373444,209315211.84375,0.060199539462601516,1494,0,19,0.99986094,MKISAAISTALLAVSAAAF,209315211.84375
35,AO090120000454,29.099999999999998,0.0,0.13333333333333333,0.0,15510387.483072935,0.0014941364875237435,99728.31315104167,2.0133343021749624e-05,1920,0,21,0.99984777,MRVSLTTIFSSLLCTVLVSSQ,15510387.483072935
39,AO090701000071,102.66666666666667,0.024543093431034613,30.5,0.024543093431034613,15301950.3046875,0.0014606357591449978,5925473.384114583,0.0014165806002793366,1980,0,34,0.99980074,MKPVFFTNTLYLLLPVLASAAPAPIIGRDIHSRG,15301950.3046875
45,AO090701001053,157.26666666666668,0.06094636290884212,73.8,0.06094636290884212,14518420.430989599,0.0013665936991786552,8397148.818359382,0.0021274205988441462,486,0,21,0.9998058,MAQSYPLLFLWLLVLSAVSST,14518420.430989599
16,AO090011000235,21.900000000000002,0.018511311613787378,21.333333333333332,0.018511311613787378,13864348.360677093,0.0012902735026603218,16421028.430338563,0.004204360277292048,2694,0,23,0.9998247,MFFSRGALSLAVLSLLSSSAAGE,16421028.430338563
72,AO090009000579,153.5,0.08259784911913187,98.60000000000001,0.08259784911913187,13803191.920572935,0.001306395537012086,11282049.158854166,0.002757835063012046,459,0,23,0.99984896,MFGQVTGLSLLTGLLATASVKAD,13803191.920572935
52,AO090012000590,111.40000000000002,0.07279875691237654,90.46666666666665,0.07279875691237654,11486876.958333334,0.0010967858370640208,12352241.328125,0.0028577003895517475,1470,0,20,0.99985516,MRSWVPFVAALAALSPATAS,12352241.328125
22,AO090009000471,27.633333333333336,0.01780480793008881,20.633333333333333,0.01780480793008881,10694607.302083327,0.0010174674476777813,10176133.964518247,0.0025722787837441944,441,0,26,0.99986815,MAKMALGYRLPLLVSLLALFQFALAQ,10694607.302083327
18,AO090020000207,35.699999999999996,0.011541180619982655,13.666666666666666,0.011541180619982655,10541803.723958327,0.0010078793244898316,5209932.563151044,0.001281062108831195,2244,0,20,0.9998657,MKWKSLALGLLATAQSAASL,10541803.723958327
69,AO090012000372,142.4333333333333,0.11691484093685818,145.63333333333335,0.11691484093685818,9956914.739583334,0.0009351429553225163,13082581.24609375,0.0029955645793407633,1428,0,37,0.9996959,MSNQHCRGTSSITQFSAMAYSTIILLCAALAQAVQAA,13082581.24609375
68,AO090023000474,65.36666666666666,0.03205934929576163,37.96666666666667,0.03205934929576163,9477178.026692709,0.0008931582482949148,6864784.48828125,0.0017201195791695194,1110,0,22,0.99983263,MPSMYTRLFAALCALATTANAV,9477178.026692709
94,AO090023000915,66.63333333333334,0.03421187289883648,39.666666666666664,0.03421187289883648,9093682.552083334,0.0008629967841177577,6737359.557291667,0.0017597121747791305,1185,0,22,0.9998373,MLFAKSALFLSFLALGNIAAAA,9093682.552083334
42,AO090020000650,84.06666666666666,0.07396546972648754,88.5,0.07396546972648754,8094396.52669271,0.0007556657785712774,10581503.53515625,0.0025487429645381344,2340,0,21,0.99983215,MKGSWMLAAATAALTSTAFAD,10581503.53515625
34,AO090011000357,92.66666666666667,0.13456733467163268,168.03333333333333,0.13456733467163268,7955655.529947919,0.0007434431170610891,18341687.9609375,0.004251746744000767,2721,0,28,0.9998323,MVSKVFGRLLTTGLVLANSVSASTEAAH,18341687.9609375
116,AO090009000060,152.5,0.017726236751930496,22.733333333333334,0.017726236751930496,7948902.875,0.0007517767481095002,1571249.1158854167,0.0003460707910483841,345,0,19,0.9998169,MKLHSLLPLAALLTPSLAI,7948902.875
87,AO090023000056,107.66666666666667,0.05759685305594201,77.46666666666668,0.05759685305594201,7898309.546875,0.0007417702704842826,7693134.5859375,0.0015790538447406743,996,0,17,0.9998471,MFRSALFLLLAPLALSH,7898309.546875
49,AO090001000617,82.13333333333334,0.003639796520681768,4.633333333333334,0.003639796520681768,7871258.669270833,0.0007525866498116377,580705.2584635416,0.00013587832175289283,621,0,20,0.999847,MATLIVSLLLTLLAREVLGL,7871258.669270833
112,AO090020000514,116.46666666666665,0.03944227775387147,45.23333333333333,0.03944227775387147,7865103.9296875,0.0007420585551201408,3746679.7291666665,0.0009644132464628824,2313,0,19,0.99984115,MRIFSALSSLLLAGAALAQ,7865103.9296875
